{
  "strategy": "qbc",
  "select_num": 100,
  "selected_indices": [
    647,
    2602,
    191,
    1037,
    979,
    272,
    2411,
    3050,
    653,
    2618,
    661,
    2149,
    746,
    2982,
    2653,
    2536,
    2814,
    2234,
    2146,
    1385,
    3373,
    2894,
    37,
    3044,
    1806,
    1208,
    1987,
    3019,
    3272,
    3080,
    1807,
    2349,
    1379,
    2740,
    1169,
    3333,
    1243,
    1602,
    999,
    3389,
    2518,
    82,
    131,
    1180,
    320,
    585,
    2485,
    1417,
    2115,
    784,
    23,
    2327,
    996,
    1313,
    2486,
    1352,
    1786,
    51,
    2671,
    799,
    1773,
    2870,
    2237,
    717,
    1366,
    1075,
    1986,
    422,
    1559,
    333,
    2074,
    761,
    142,
    1730,
    3209,
    233,
    2792,
    1437,
    3189,
    591,
    1080,
    1468,
    1242,
    3146,
    1887,
    1690,
    1026,
    1526,
    1930,
    44,
    1490,
    2937,
    1439,
    644,
    2551,
    450,
    2273,
    1323,
    672,
    1817
  ],
  "round": 1,
  "total_labeled": 200,
  "total_unlabeled": 3397,
  "train_duration_seconds": 19.540866,
  "eval_duration_seconds": 2.212231,
  "strategy_duration_seconds": 1992.502732,
  "timestamp": "2025-08-20T02:13:54.228900",
  "performance_metric": [
    0.3184409439563751,
    0.5279537439346313,
    0.7144477963447571,
    0.7307479381561279,
    0.6350481510162354
  ]
}