{
  "strategy": "bz_scaled",
  "select_num": 200,
  "selected_indices": [
    2395,
    3086,
    806,
    606,
    2868,
    3095,
    2562,
    1011,
    35,
    649,
    1823,
    202,
    1850,
    3107,
    1981,
    1382,
    1799,
    1833,
    2174,
    807,
    1124,
    1069,
    1609,
    2304,
    1721,
    2823,
    152,
    859,
    2470,
    1715,
    3143,
    47,
    1829,
    3031,
    1970,
    1598,
    978,
    1198,
    919,
    2948,
    2575,
    2806,
    2245,
    3182,
    337,
    1403,
    1679,
    793,
    2520,
    3179,
    1932,
    1491,
    3128,
    1351,
    559,
    585,
    2886,
    1812,
    245,
    2981,
    1866,
    802,
    168,
    154,
    838,
    1534,
    2188,
    1484,
    1094,
    2657,
    1688,
    60,
    1243,
    1517,
    441,
    1415,
    1859,
    1668,
    541,
    2890,
    3093,
    1693,
    240,
    417,
    896,
    2061,
    2547,
    200,
    1895,
    221,
    1281,
    3080,
    2213,
    917,
    367,
    2300,
    2892,
    2019,
    1969,
    2028,
    772,
    1860,
    3013,
    982,
    2841,
    1083,
    2764,
    2469,
    2936,
    2870,
    930,
    872,
    3178,
    2176,
    507,
    1188,
    1903,
    3196,
    1947,
    1147,
    3153,
    851,
    2034,
    2816,
    2087,
    2384,
    646,
    2836,
    2686,
    2456,
    1321,
    2055,
    1778,
    1480,
    432,
    2153,
    1008,
    2996,
    667,
    2861,
    261,
    2666,
    545,
    1804,
    1580,
    2799,
    2659,
    1579,
    2495,
    2766,
    2379,
    377,
    1749,
    831,
    2274,
    1356,
    1967,
    310,
    2958,
    1166,
    366,
    2501,
    1114,
    2070,
    2011,
    2256,
    2672,
    2114,
    1835,
    2335,
    1685,
    188,
    1550,
    1218,
    747,
    1867,
    858,
    2318,
    1364,
    1530,
    2037,
    2909,
    2667,
    12,
    1974,
    794,
    2646,
    5,
    2813,
    820,
    1488,
    211,
    985,
    515,
    829,
    2738,
    2846,
    3159,
    2403,
    665
  ],
  "round": 2,
  "total_labeled": 400,
  "total_unlabeled": 3197,
  "train_duration_seconds": 3761.359117,
  "eval_duration_seconds": 4.102095,
  "strategy_duration_seconds": 103.6059,
  "timestamp": "2025-08-13T20:12:43.098302",
  "performance_metric": [
    0.27410081028938293,
    0.3255438208580017,
    0.4847312867641449,
    0.5254297256469727,
    0.4124458432197571
  ]
}