{
  "strategy": "qbc",
  "select_num": 200,
  "selected_indices": [
    1881,
    1627,
    2160,
    407,
    2273,
    1012,
    14,
    989,
    1782,
    1255,
    1999,
    887,
    918,
    1861,
    648,
    1724,
    2376,
    507,
    1519,
    145,
    2572,
    2176,
    2009,
    1645,
    2023,
    1302,
    1553,
    1133,
    1245,
    443,
    2567,
    2535,
    1067,
    1459,
    2147,
    1620,
    2082,
    461,
    521,
    2143,
    41,
    1127,
    199,
    23,
    326,
    1884,
    2210,
    1449,
    1545,
    1832,
    1974,
    1616,
    1949,
    2531,
    1840,
    1512,
    1141,
    2198,
    244,
    2237,
    1011,
    2527,
    2568,
    2295,
    47,
    1424,
    1825,
    1433,
    968,
    2381,
    1729,
    1165,
    1784,
    2522,
    874,
    582,
    2416,
    160,
    2200,
    881,
    1190,
    2393,
    2473,
    243,
    1574,
    744,
    497,
    855,
    2086,
    1953,
    156,
    1135,
    714,
    1205,
    1071,
    378,
    2057,
    277,
    1878,
    2219,
    337,
    792,
    1859,
    428,
    408,
    1808,
    121,
    2185,
    637,
    1818,
    1016,
    1995,
    2251,
    253,
    1005,
    1275,
    1014,
    2000,
    967,
    2526,
    2085,
    594,
    2098,
    219,
    2486,
    1978,
    2503,
    1835,
    1348,
    1951,
    935,
    1824,
    724,
    947,
    772,
    136,
    961,
    1339,
    2230,
    2206,
    514,
    942,
    1750,
    717,
    1196,
    1893,
    2067,
    606,
    1672,
    1873,
    217,
    1633,
    1950,
    1096,
    580,
    2271,
    2138,
    1066,
    629,
    1137,
    1597,
    1883,
    2500,
    2037,
    1677,
    1309,
    2330,
    2361,
    1191,
    2222,
    76,
    1299,
    1925,
    2419,
    1194,
    1363,
    2214,
    2363,
    412,
    508,
    981,
    2520,
    1375,
    1813,
    115,
    1069,
    849,
    696,
    1306,
    587,
    1976,
    1579,
    1257,
    396,
    1436,
    2534,
    747,
    2238,
    315,
    446
  ],
  "round": 4,
  "total_labeled": 1000,
  "total_unlabeled": 2597,
  "train_duration_seconds": 7804.838189,
  "eval_duration_seconds": 3.666347,
  "strategy_duration_seconds": 3972.87556,
  "timestamp": "2025-08-14T09:35:07.882148",
  "performance_metric": [
    0.1891576051712036,
    0.2183024287223816,
    0.3083985149860382,
    0.3158624768257141,
    0.28034791350364685
  ]
}