{
  "strategy": "qbc",
  "select_num": 100,
  "selected_indices": [
    3078,
    1989,
    1058,
    234,
    1770,
    2486,
    2577,
    215,
    32,
    176,
    2586,
    2701,
    3221,
    299,
    2117,
    154,
    473,
    65,
    1451,
    2757,
    38,
    161,
    422,
    3222,
    2739,
    2568,
    223,
    2471,
    377,
    531,
    37,
    51,
    320,
    3260,
    1601,
    683,
    1895,
    1638,
    277,
    1702,
    294,
    671,
    2396,
    2160,
    3042,
    914,
    1339,
    1875,
    1974,
    1549,
    816,
    3237,
    2215,
    269,
    1309,
    1095,
    1031,
    1024,
    2443,
    1100,
    1399,
    1472,
    210,
    1615,
    595,
    2386,
    2397,
    1621,
    2221,
    2881,
    2315,
    3196,
    89,
    267,
    498,
    2834,
    1943,
    255,
    2768,
    1947,
    3026,
    3120,
    2837,
    2385,
    463,
    3247,
    1500,
    149,
    1690,
    1914,
    2783,
    2559,
    152,
    2097,
    2572,
    870,
    553,
    133,
    1532,
    2333
  ],
  "round": 2,
  "total_labeled": 300,
  "total_unlabeled": 3297,
  "train_duration_seconds": 26.588994,
  "eval_duration_seconds": 2.56109,
  "strategy_duration_seconds": 2545.885601,
  "timestamp": "2025-08-20T02:56:59.782680",
  "performance_metric": [
    0.37617847323417664,
    0.4869938790798187,
    0.6881152391433716,
    0.6804946064949036,
    0.5975987911224365
  ]
}