{
  "strategy": "qbc",
  "select_num": 100,
  "selected_indices": [
    3012,
    2094,
    1256,
    1119,
    126,
    738,
    2459,
    3163,
    1216,
    1258,
    3021,
    96,
    2103,
    282,
    2443,
    2549,
    1671,
    3016,
    173,
    1346,
    1188,
    133,
    2161,
    1785,
    2124,
    1386,
    2245,
    741,
    476,
    72,
    3185,
    1432,
    833,
    2200,
    507,
    2988,
    1145,
    2158,
    889,
    3134,
    1297,
    382,
    3062,
    930,
    2919,
    464,
    1090,
    2426,
    396,
    1021,
    332,
    506,
    76,
    1752,
    450,
    2968,
    1980,
    3115,
    1669,
    1954,
    364,
    165,
    1978,
    2461,
    1561,
    1997,
    2583,
    514,
    2714,
    314,
    688,
    577,
    2538,
    2982,
    747,
    1043,
    3174,
    2089,
    2022,
    499,
    1798,
    2973,
    2430,
    658,
    155,
    2777,
    66,
    2903,
    863,
    2923,
    653,
    2381,
    1666,
    2107,
    1368,
    1310,
    1548,
    3098,
    872,
    234
  ],
  "round": 3,
  "total_labeled": 400,
  "total_unlabeled": 3197,
  "train_duration_seconds": 32.933129,
  "eval_duration_seconds": 2.641133,
  "strategy_duration_seconds": 3055.347803,
  "timestamp": "2025-08-20T03:48:40.615727",
  "performance_metric": [
    0.3481535017490387,
    0.486318439245224,
    0.6955254077911377,
    0.6954233050346375,
    0.627115786075592
  ]
}