{
  "strategy": "qbc",
  "select_num": 100,
  "selected_indices": [
    323,
    1118,
    118,
    1757,
    797,
    896,
    2001,
    2278,
    211,
    1991,
    407,
    381,
    2123,
    433,
    1949,
    1199,
    1267,
    1669,
    2236,
    481,
    1060,
    2712,
    215,
    2524,
    2942,
    2771,
    2407,
    1359,
    366,
    2790,
    657,
    2772,
    511,
    1465,
    1011,
    2886,
    545,
    521,
    2757,
    1010,
    2851,
    1335,
    895,
    2252,
    1747,
    2581,
    1514,
    1731,
    2982,
    583,
    156,
    1127,
    1105,
    2405,
    1664,
    2435,
    807,
    866,
    1389,
    2893,
    1302,
    2896,
    252,
    2265,
    1013,
    1521,
    2888,
    1498,
    1360,
    2445,
    602,
    389,
    1369,
    747,
    2747,
    185,
    2837,
    2644,
    515,
    2137,
    722,
    477,
    2928,
    2543,
    2102,
    840,
    83,
    335,
    2313,
    2262,
    287,
    142,
    1159,
    1158,
    2055,
    460,
    2440,
    1686,
    2983,
    391
  ],
  "round": 5,
  "total_labeled": 600,
  "total_unlabeled": 2997,
  "train_duration_seconds": 50.171461,
  "eval_duration_seconds": 3.080615,
  "strategy_duration_seconds": 3929.31219,
  "timestamp": "2025-08-20T05:55:48.214054",
  "performance_metric": [
    0.3328630030155182,
    0.47927355766296387,
    0.6712698936462402,
    0.66869056224823,
    0.5784814357757568
  ]
}