{
  "strategy": "qbc",
  "select_num": 200,
  "selected_indices": [
    334,
    1964,
    3140,
    1131,
    847,
    3171,
    1211,
    608,
    35,
    929,
    1250,
    1198,
    1762,
    1497,
    868,
    508,
    905,
    1636,
    1058,
    2276,
    2171,
    593,
    680,
    396,
    724,
    1638,
    2849,
    1083,
    2863,
    705,
    2075,
    1390,
    1927,
    1332,
    22,
    3133,
    813,
    2726,
    1910,
    1596,
    407,
    2514,
    1264,
    3001,
    3070,
    2315,
    1420,
    2349,
    1089,
    1213,
    1875,
    1398,
    1363,
    1067,
    1448,
    3137,
    890,
    341,
    1153,
    1196,
    1610,
    2139,
    1655,
    1248,
    58,
    808,
    2830,
    2265,
    1580,
    2279,
    790,
    459,
    2624,
    236,
    2678,
    2907,
    1779,
    670,
    2168,
    640,
    803,
    961,
    2841,
    2612,
    1641,
    3091,
    2353,
    609,
    2330,
    2768,
    1944,
    2772,
    1378,
    2550,
    1011,
    2033,
    3014,
    2778,
    1703,
    1708,
    3060,
    49,
    1386,
    867,
    3159,
    2221,
    1608,
    1066,
    2842,
    2234,
    1501,
    2757,
    2496,
    1573,
    1728,
    2991,
    1180,
    1134,
    1630,
    1743,
    1932,
    3115,
    1310,
    1438,
    2659,
    880,
    2325,
    1197,
    2000,
    2894,
    2179,
    2332,
    1298,
    1707,
    538,
    2622,
    3151,
    1080,
    2740,
    195,
    513,
    2233,
    1147,
    1164,
    997,
    90,
    948,
    1548,
    2172,
    1555,
    1030,
    659,
    2889,
    172,
    2616,
    2838,
    558,
    2125,
    2604,
    1105,
    2164,
    1529,
    2851,
    943,
    771,
    788,
    2610,
    51,
    1512,
    2986,
    1873,
    1350,
    160,
    826,
    1472,
    1333,
    2378,
    1622,
    2769,
    3067,
    988,
    133,
    1103,
    282,
    1561,
    1942,
    2413,
    2475,
    219,
    2681,
    9,
    452,
    3164,
    2945,
    117,
    2462,
    571,
    1793,
    811,
    2393
  ],
  "round": 1,
  "total_labeled": 400,
  "total_unlabeled": 3197,
  "train_duration_seconds": 3940.518129,
  "eval_duration_seconds": 4.014898,
  "strategy_duration_seconds": 5286.943609,
  "timestamp": "2025-08-14T00:41:11.405912",
  "performance_metric": [
    0.2541123628616333,
    0.3001827299594879,
    0.4601888656616211,
    0.4791985750198364,
    0.3884681463241577
  ]
}