{
  "strategy": "bz_scaled",
  "select_num": 200,
  "selected_indices": [
    1708,
    180,
    1322,
    718,
    1009,
    790,
    1667,
    1535,
    751,
    1343,
    1980,
    2410,
    868,
    552,
    90,
    1858,
    1211,
    2308,
    1576,
    1073,
    40,
    382,
    779,
    1528,
    1203,
    275,
    192,
    1385,
    2346,
    1234,
    2179,
    2164,
    1421,
    444,
    841,
    1907,
    371,
    1938,
    2135,
    2237,
    2357,
    1132,
    1130,
    2004,
    2251,
    1622,
    2116,
    489,
    2402,
    186,
    1616,
    519,
    967,
    1923,
    2034,
    2151,
    1226,
    1284,
    1056,
    2321,
    903,
    224,
    10,
    673,
    1995,
    1037,
    2178,
    1947,
    1666,
    396,
    651,
    923,
    800,
    2123,
    2238,
    1693,
    115,
    1414,
    246,
    2225,
    1976,
    2115,
    2350,
    933,
    1893,
    412,
    1176,
    2523,
    2569,
    1857,
    437,
    2052,
    1952,
    1007,
    1792,
    223,
    1754,
    846,
    794,
    2489,
    421,
    1966,
    1177,
    1010,
    70,
    1469,
    2480,
    1354,
    921,
    1289,
    2030,
    831,
    2580,
    545,
    758,
    2098,
    2440,
    897,
    1668,
    560,
    950,
    124,
    134,
    1174,
    1821,
    83,
    1844,
    233,
    744,
    2049,
    1334,
    935,
    1110,
    425,
    2352,
    256,
    1207,
    1400,
    1648,
    1941,
    1372,
    660,
    743,
    441,
    1205,
    2337,
    2433,
    58,
    877,
    240,
    656,
    1131,
    1259,
    1014,
    987,
    1381,
    2078,
    1346,
    927,
    1753,
    496,
    215,
    860,
    1068,
    2174,
    2507,
    2130,
    22,
    1123,
    2315,
    1075,
    1345,
    454,
    919,
    1896,
    791,
    1393,
    2317,
    1627,
    2479,
    1632,
    1396,
    1148,
    2,
    68,
    451,
    2428,
    139,
    1482,
    1268,
    1677,
    447,
    516,
    160,
    343,
    607,
    852,
    1016,
    2235,
    697
  ],
  "round": 5,
  "total_labeled": 1000,
  "total_unlabeled": 2597,
  "train_duration_seconds": 10014.336659,
  "eval_duration_seconds": 3.967386,
  "strategy_duration_seconds": 70.601134,
  "timestamp": "2025-08-14T02:56:50.215504",
  "performance_metric": [
    0.28194138407707214,
    0.2120918333530426,
    0.30265823006629944,
    0.31737399101257324,
    0.272206574678421
  ]
}