{
  "strategy": "qbc",
  "select_num": 200,
  "selected_indices": [
    966,
    1821,
    689,
    1819,
    1167,
    496,
    1958,
    1064,
    1089,
    2106,
    2195,
    636,
    2237,
    964,
    1289,
    2189,
    1956,
    2249,
    584,
    1026,
    217,
    668,
    1764,
    318,
    1446,
    1283,
    1865,
    803,
    906,
    932,
    2380,
    1671,
    862,
    2343,
    333,
    1716,
    1158,
    934,
    1759,
    2092,
    2065,
    572,
    98,
    1039,
    2262,
    1201,
    1914,
    1772,
    1630,
    1485,
    2128,
    341,
    1159,
    1365,
    1757,
    1758,
    162,
    1181,
    1925,
    1115,
    2158,
    554,
    2166,
    2277,
    1855,
    697,
    2136,
    1353,
    1885,
    784,
    1856,
    902,
    772,
    1140,
    2134,
    865,
    1017,
    62,
    1477,
    95,
    444,
    1221,
    905,
    1832,
    2211,
    459,
    919,
    203,
    923,
    399,
    346,
    240,
    2130,
    812,
    1020,
    1384,
    360,
    58,
    925,
    1227,
    891,
    820,
    317,
    2165,
    579,
    1069,
    510,
    674,
    1988,
    1705,
    1686,
    1011,
    529,
    1652,
    2053,
    2377,
    117,
    129,
    2129,
    19,
    590,
    66,
    239,
    2144,
    1960,
    352,
    716,
    813,
    1839,
    195,
    743,
    544,
    487,
    111,
    1487,
    2084,
    1315,
    1699,
    1015,
    1203,
    1545,
    1555,
    2171,
    1312,
    1789,
    1145,
    295,
    1450,
    1561,
    1180,
    282,
    1108,
    628,
    1309,
    1100,
    1709,
    1628,
    639,
    2077,
    667,
    375,
    2295,
    2285,
    712,
    677,
    2057,
    6,
    1151,
    1334,
    1417,
    537,
    596,
    391,
    836,
    1073,
    2225,
    1242,
    1776,
    1868,
    1647,
    2035,
    262,
    838,
    961,
    421,
    815,
    550,
    188,
    427,
    396,
    147,
    1451,
    414,
    1085,
    310,
    1976,
    42,
    2257,
    691,
    1717
  ],
  "round": 5,
  "total_labeled": 1200,
  "total_unlabeled": 2397,
  "train_duration_seconds": 8811.26477,
  "eval_duration_seconds": 2.952807,
  "strategy_duration_seconds": 4151.001216,
  "timestamp": "2025-08-14T13:11:24.337349",
  "performance_metric": [
    0.15218988060951233,
    0.20172445476055145,
    0.3024986982345581,
    0.2946242094039917,
    0.26855307817459106
  ]
}