{
  "strategy": "bz_scaled",
  "select_num": 200,
  "selected_indices": [
    2366,
    2740,
    1457,
    1267,
    1123,
    608,
    2648,
    2338,
    1360,
    516,
    389,
    2418,
    894,
    230,
    2641,
    1020,
    1383,
    2083,
    2038,
    412,
    351,
    155,
    815,
    612,
    2456,
    2616,
    2557,
    2599,
    2169,
    2065,
    697,
    451,
    1936,
    1106,
    1293,
    2526,
    1573,
    1566,
    2004,
    2734,
    2866,
    2060,
    238,
    252,
    428,
    1474,
    1888,
    2605,
    512,
    2192,
    2144,
    684,
    2117,
    2864,
    2813,
    1682,
    2858,
    261,
    889,
    1352,
    2928,
    276,
    2846,
    2273,
    2290,
    2461,
    1114,
    2830,
    2442,
    866,
    1157,
    1683,
    899,
    1130,
    175,
    968,
    1052,
    35,
    761,
    535,
    588,
    366,
    816,
    1464,
    2582,
    2527,
    2198,
    818,
    1617,
    1910,
    2353,
    1,
    1170,
    2514,
    2887,
    1029,
    55,
    1430,
    2029,
    1436,
    2523,
    1213,
    2965,
    985,
    2068,
    505,
    2159,
    2437,
    1790,
    976,
    2196,
    1245,
    2652,
    782,
    1299,
    2332,
    2471,
    1273,
    1867,
    988,
    2751,
    1212,
    269,
    1714,
    2371,
    1924,
    502,
    728,
    585,
    620,
    2617,
    2223,
    1234,
    2457,
    282,
    1857,
    62,
    426,
    1549,
    853,
    2436,
    2202,
    1693,
    1155,
    2573,
    2485,
    711,
    909,
    374,
    2344,
    1069,
    1744,
    2176,
    1938,
    893,
    2245,
    1813,
    1621,
    406,
    385,
    2528,
    1882,
    2348,
    378,
    1201,
    2465,
    2046,
    1063,
    1154,
    2070,
    1574,
    622,
    1269,
    1858,
    346,
    1994,
    1361,
    600,
    1312,
    1031,
    809,
    437,
    1889,
    1569,
    2691,
    1235,
    1177,
    181,
    2413,
    1156,
    2052,
    1200,
    1168,
    265,
    1663,
    1358,
    1947,
    2630,
    1280,
    689
  ],
  "round": 3,
  "total_labeled": 600,
  "total_unlabeled": 2997,
  "train_duration_seconds": 5942.97858,
  "eval_duration_seconds": 4.866812,
  "strategy_duration_seconds": 100.563557,
  "timestamp": "2025-08-13T21:53:44.662096",
  "performance_metric": [
    0.23320716619491577,
    0.2742035984992981,
    0.4111393690109253,
    0.4277586340904236,
    0.3429827392101288
  ]
}