{
  "strategy": "qbc",
  "select_num": 200,
  "selected_indices": [
    1864,
    2436,
    1392,
    2571,
    993,
    1771,
    640,
    2122,
    1468,
    2370,
    315,
    447,
    1035,
    272,
    1881,
    1134,
    2751,
    374,
    2285,
    950,
    1024,
    2245,
    1585,
    2376,
    1372,
    373,
    1126,
    2124,
    2251,
    2722,
    2171,
    2343,
    2495,
    2279,
    2618,
    2194,
    460,
    345,
    543,
    1315,
    1857,
    983,
    1010,
    1415,
    534,
    1598,
    6,
    2449,
    824,
    1979,
    2240,
    2754,
    270,
    1506,
    2147,
    711,
    340,
    2459,
    1597,
    593,
    1068,
    2204,
    1255,
    1914,
    1342,
    1160,
    2579,
    159,
    992,
    1502,
    249,
    1213,
    2024,
    2709,
    1211,
    2558,
    597,
    2567,
    1391,
    2782,
    1928,
    893,
    1503,
    148,
    670,
    453,
    2486,
    2698,
    2737,
    2010,
    812,
    1970,
    1907,
    52,
    386,
    2241,
    566,
    1784,
    1411,
    919,
    1215,
    1409,
    1575,
    1491,
    1454,
    2118,
    1648,
    684,
    351,
    1495,
    2715,
    980,
    2483,
    2638,
    1125,
    562,
    2765,
    246,
    332,
    2237,
    1416,
    2290,
    1679,
    1577,
    2382,
    1629,
    1852,
    779,
    2706,
    1259,
    2388,
    794,
    725,
    2350,
    2341,
    277,
    999,
    287,
    1088,
    709,
    2183,
    1983,
    1720,
    1234,
    380,
    497,
    2169,
    2188,
    1168,
    2532,
    1377,
    955,
    1599,
    526,
    498,
    1789,
    1384,
    1472,
    10,
    2565,
    2675,
    2,
    1989,
    2705,
    1896,
    591,
    1438,
    1734,
    1486,
    856,
    1782,
    2747,
    1312,
    1410,
    1348,
    18,
    949,
    1786,
    2065,
    2590,
    826,
    2389,
    1986,
    736,
    1587,
    737,
    1388,
    1029,
    2702,
    785,
    1171,
    245,
    2670,
    1258,
    1228,
    1402,
    329,
    989,
    1157,
    1765
  ],
  "round": 3,
  "total_labeled": 800,
  "total_unlabeled": 2797,
  "train_duration_seconds": 6319.10205,
  "eval_duration_seconds": 3.408152,
  "strategy_duration_seconds": 3627.030606,
  "timestamp": "2025-08-14T06:18:37.072285",
  "performance_metric": [
    0.19335860013961792,
    0.236679345369339,
    0.33588820695877075,
    0.3481532037258148,
    0.2961466610431671
  ]
}