{
  "strategy": "bz_scaled",
  "select_num": 200,
  "selected_indices": [
    1715,
    1553,
    82,
    2766,
    2234,
    1559,
    853,
    1077,
    2074,
    1569,
    1121,
    450,
    806,
    917,
    615,
    1016,
    2199,
    1730,
    340,
    1878,
    1648,
    902,
    570,
    221,
    482,
    1276,
    1897,
    673,
    2287,
    296,
    1683,
    2099,
    356,
    252,
    232,
    1809,
    958,
    2118,
    1598,
    40,
    1448,
    1645,
    129,
    1634,
    641,
    1415,
    1477,
    1917,
    2230,
    2708,
    838,
    1180,
    424,
    108,
    1786,
    1524,
    2582,
    1698,
    516,
    97,
    1503,
    1929,
    1729,
    1808,
    2768,
    2626,
    1906,
    197,
    910,
    349,
    32,
    1600,
    969,
    757,
    1286,
    1800,
    2294,
    1484,
    2039,
    1888,
    1376,
    144,
    2379,
    1091,
    2172,
    465,
    550,
    2792,
    128,
    2002,
    9,
    2238,
    1008,
    50,
    1336,
    518,
    744,
    1564,
    1301,
    2141,
    1991,
    101,
    151,
    1174,
    601,
    1978,
    2011,
    2191,
    381,
    2451,
    2258,
    1160,
    662,
    1074,
    408,
    1820,
    1960,
    2750,
    2061,
    2668,
    2333,
    283,
    2140,
    1203,
    1065,
    2312,
    1679,
    2687,
    1226,
    302,
    888,
    65,
    2674,
    2666,
    889,
    2692,
    2015,
    882,
    241,
    2108,
    2136,
    1176,
    223,
    2088,
    2775,
    2014,
    1418,
    1195,
    1097,
    1215,
    909,
    2593,
    553,
    2228,
    1404,
    2053,
    2473,
    1816,
    95,
    1561,
    1246,
    418,
    832,
    385,
    2114,
    2539,
    1104,
    676,
    884,
    1998,
    2212,
    2726,
    2652,
    2087,
    2096,
    1539,
    791,
    2204,
    684,
    1742,
    160,
    280,
    846,
    100,
    1004,
    225,
    2009,
    505,
    2003,
    1197,
    489,
    2393,
    1265,
    1717,
    1523,
    657,
    2345,
    1209,
    2243,
    1453
  ],
  "round": 4,
  "total_labeled": 800,
  "total_unlabeled": 2797,
  "train_duration_seconds": 7959.879743,
  "eval_duration_seconds": 5.377275,
  "strategy_duration_seconds": 104.260856,
  "timestamp": "2025-08-14T00:08:27.465762",
  "performance_metric": [
    0.2828509509563446,
    0.23633216321468353,
    0.35426491498947144,
    0.340444952249527,
    0.29371482133865356
  ]
}