{
  "strategy": "qbc",
  "select_num": 200,
  "selected_indices": [
    2210,
    2547,
    3225,
    1124,
    2749,
    2748,
    1639,
    1087,
    754,
    912,
    2061,
    153,
    1266,
    2322,
    892,
    1305,
    114,
    3157,
    953,
    2170,
    482,
    3033,
    1403,
    3209,
    1350,
    1822,
    1985,
    2433,
    28,
    3303,
    1273,
    984,
    820,
    337,
    2321,
    273,
    1957,
    2642,
    2149,
    878,
    2543,
    3150,
    2314,
    1897,
    2649,
    2064,
    1268,
    2941,
    2591,
    3328,
    1853,
    1551,
    2197,
    2682,
    931,
    3090,
    7,
    3285,
    1854,
    2508,
    779,
    2021,
    2967,
    687,
    1154,
    2944,
    1873,
    1006,
    1086,
    3029,
    923,
    131,
    2608,
    2230,
    408,
    2954,
    2349,
    254,
    3126,
    373,
    2206,
    1693,
    2976,
    2235,
    1206,
    1883,
    854,
    2666,
    848,
    1060,
    173,
    1845,
    2923,
    3243,
    501,
    1841,
    3252,
    2977,
    2212,
    0,
    3278,
    887,
    1556,
    2734,
    1534,
    2039,
    1763,
    601,
    1631,
    3007,
    1943,
    2459,
    2282,
    2898,
    1472,
    542,
    3012,
    1770,
    2789,
    1263,
    3151,
    667,
    109,
    145,
    1363,
    513,
    886,
    2514,
    3143,
    3260,
    2269,
    3264,
    753,
    3248,
    2705,
    1023,
    3088,
    1928,
    2067,
    2157,
    1588,
    55,
    2651,
    2861,
    908,
    422,
    628,
    1559,
    60,
    1675,
    891,
    2238,
    1061,
    371,
    1503,
    3072,
    1100,
    1152,
    1417,
    1021,
    335,
    1736,
    2768,
    278,
    861,
    759,
    1348,
    3077,
    2714,
    438,
    1329,
    3217,
    3069,
    2598,
    1933,
    2764,
    2989,
    803,
    150,
    1783,
    2114,
    932,
    1372,
    1101,
    1999,
    741,
    2792,
    1571,
    1869,
    2700,
    577,
    1697,
    1292,
    1699,
    3308,
    120,
    1429,
    483,
    810,
    2470
  ],
  "round": 2,
  "total_labeled": 250,
  "total_unlabeled": 3347,
  "train_duration_seconds": 6269.655943,
  "eval_duration_seconds": 3.797015,
  "strategy_duration_seconds": 4153.980422,
  "timestamp": "2025-08-18T10:37:16.194750",
  "performance_metric": [
    0.2469043731689453,
    0.3436519205570221,
    0.5225660800933838,
    0.5458910465240479,
    0.4352782368659973
  ]
}