{
  "strategy": "bz_scaled",
  "select_num": 200,
  "selected_indices": [
    1758,
    3220,
    3069,
    929,
    1005,
    2461,
    46,
    634,
    2477,
    2382,
    36,
    2108,
    294,
    657,
    2952,
    3136,
    1030,
    2913,
    347,
    678,
    1138,
    303,
    2149,
    433,
    825,
    2896,
    665,
    1399,
    1385,
    2987,
    203,
    2457,
    994,
    1881,
    1929,
    375,
    1162,
    2625,
    1562,
    3189,
    231,
    2105,
    520,
    2809,
    2539,
    910,
    2761,
    3308,
    196,
    2452,
    676,
    2059,
    2230,
    1880,
    2740,
    1500,
    3031,
    2417,
    744,
    490,
    557,
    3367,
    596,
    985,
    215,
    23,
    2767,
    1131,
    374,
    3315,
    3359,
    1912,
    757,
    268,
    254,
    986,
    3332,
    181,
    1892,
    613,
    26,
    3355,
    2926,
    1538,
    886,
    1134,
    2870,
    1194,
    711,
    1754,
    2320,
    2897,
    2703,
    2500,
    3246,
    2799,
    624,
    1317,
    3289,
    3390,
    3192,
    1133,
    2584,
    1741,
    2044,
    653,
    395,
    1988,
    359,
    2031,
    118,
    2002,
    3370,
    1737,
    2259,
    2883,
    1983,
    2186,
    551,
    1967,
    2124,
    639,
    1412,
    1930,
    2510,
    1590,
    2607,
    684,
    833,
    172,
    2138,
    2880,
    1751,
    2550,
    3242,
    1789,
    2908,
    287,
    559,
    2654,
    858,
    1502,
    2530,
    913,
    2132,
    2388,
    1937,
    2478,
    859,
    2179,
    121,
    837,
    2013,
    541,
    899,
    820,
    1012,
    2643,
    1918,
    1965,
    2768,
    1286,
    3316,
    2333,
    1218,
    602,
    700,
    167,
    2032,
    2638,
    1747,
    918,
    2604,
    2215,
    3236,
    3277,
    226,
    2357,
    2918,
    1806,
    800,
    2988,
    2435,
    3278,
    2729,
    608,
    1124,
    2980,
    1813,
    2816,
    2312,
    396,
    1840,
    1628,
    660,
    2341,
    1173,
    3239,
    1811,
    1640
  ],
  "round": 1,
  "total_labeled": 200,
  "total_unlabeled": 3397,
  "train_duration_seconds": 2012.810745,
  "eval_duration_seconds": 3.436589,
  "strategy_duration_seconds": 142.880234,
  "timestamp": "2025-08-13T19:07:59.071092",
  "performance_metric": [
    0.27609536051750183,
    0.3580513298511505,
    0.5343576073646545,
    0.5554571747779846,
    0.44793689250946045
  ]
}