{
  "strategy": "qbc",
  "select_num": 100,
  "selected_indices": [
    2487,
    2810,
    2081,
    307,
    2089,
    1381,
    460,
    2060,
    2374,
    1565,
    2024,
    1849,
    364,
    2491,
    791,
    1913,
    1330,
    2324,
    1992,
    922,
    1833,
    2450,
    2693,
    1702,
    2743,
    1603,
    931,
    273,
    1601,
    2043,
    2021,
    1576,
    2666,
    833,
    1251,
    1965,
    173,
    1216,
    1096,
    1267,
    2817,
    2351,
    1708,
    1111,
    355,
    2702,
    1560,
    996,
    468,
    343,
    12,
    2455,
    2273,
    1027,
    1835,
    2652,
    2540,
    1382,
    1255,
    1350,
    563,
    1663,
    2031,
    2046,
    919,
    371,
    1344,
    2192,
    49,
    1300,
    900,
    2220,
    2481,
    1825,
    806,
    226,
    2756,
    1664,
    2550,
    50,
    1505,
    1948,
    734,
    1144,
    626,
    2874,
    2861,
    911,
    1924,
    262,
    1985,
    35,
    2072,
    892,
    2037,
    709,
    1777,
    2244,
    671,
    1873
  ],
  "round": 6,
  "total_labeled": 700,
  "total_unlabeled": 2897,
  "train_duration_seconds": 58.822129,
  "eval_duration_seconds": 3.063315,
  "strategy_duration_seconds": 3726.656149,
  "timestamp": "2025-08-20T06:59:07.197438",
  "performance_metric": [
    0.344828337430954,
    0.47054195404052734,
    0.6717208027839661,
    0.6805397272109985,
    0.5904341340065002
  ]
}