{
  "strategy": "qbc",
  "select_num": 100,
  "selected_indices": [
    1180,
    77,
    1604,
    2046,
    2010,
    2021,
    1182,
    360,
    1359,
    1724,
    1159,
    1347,
    37,
    2008,
    1427,
    2610,
    2111,
    2726,
    1233,
    462,
    243,
    2818,
    1476,
    42,
    256,
    182,
    584,
    2763,
    316,
    559,
    2138,
    1229,
    646,
    981,
    1146,
    2286,
    1734,
    941,
    944,
    3019,
    1421,
    1468,
    1327,
    953,
    17,
    2942,
    1857,
    2283,
    2622,
    740,
    1744,
    922,
    1761,
    1043,
    69,
    292,
    932,
    1522,
    1528,
    2493,
    2995,
    305,
    1706,
    1750,
    2704,
    963,
    2847,
    2364,
    1109,
    465,
    1929,
    2396,
    1064,
    2681,
    2088,
    3057,
    2620,
    1352,
    1560,
    1962,
    3018,
    258,
    755,
    1629,
    173,
    1268,
    2133,
    1205,
    2928,
    1254,
    607,
    230,
    2143,
    2392,
    2783,
    1794,
    1005,
    431,
    1511,
    2349
  ],
  "round": 4,
  "total_labeled": 500,
  "total_unlabeled": 3097,
  "train_duration_seconds": 43.212849,
  "eval_duration_seconds": 2.712872,
  "strategy_duration_seconds": 3579.213615,
  "timestamp": "2025-08-20T04:49:15.222024",
  "performance_metric": [
    0.32920321822166443,
    0.48464569449424744,
    0.6711377501487732,
    0.6810583472251892,
    0.5992788672447205
  ]
}