{
  "strategy": "qbc",
  "select_num": 200,
  "selected_indices": [
    29,
    2183,
    732,
    894,
    1721,
    2462,
    1856,
    1041,
    1933,
    1755,
    2703,
    1734,
    912,
    1073,
    2421,
    2020,
    1135,
    636,
    1720,
    887,
    1140,
    2364,
    244,
    2018,
    261,
    2729,
    843,
    743,
    1977,
    1610,
    1652,
    337,
    935,
    2356,
    1083,
    2677,
    1474,
    2935,
    2187,
    905,
    2329,
    2924,
    1481,
    800,
    2457,
    1249,
    2362,
    967,
    435,
    1078,
    660,
    2409,
    1312,
    1884,
    45,
    517,
    1618,
    1915,
    2547,
    1630,
    846,
    853,
    2516,
    61,
    147,
    2878,
    2726,
    2509,
    1342,
    2294,
    2488,
    1170,
    2529,
    943,
    2664,
    1096,
    292,
    1559,
    434,
    142,
    1555,
    2434,
    1050,
    2141,
    1323,
    2412,
    109,
    1919,
    2783,
    753,
    1979,
    217,
    2565,
    1706,
    2873,
    1303,
    1147,
    728,
    1391,
    487,
    55,
    2864,
    1753,
    2456,
    38,
    2320,
    784,
    2040,
    283,
    2334,
    2487,
    1589,
    461,
    2217,
    1111,
    2893,
    170,
    1925,
    572,
    669,
    1371,
    1568,
    619,
    1770,
    226,
    2646,
    1534,
    2096,
    171,
    752,
    2402,
    2611,
    134,
    133,
    1008,
    909,
    2318,
    1674,
    2451,
    1580,
    2438,
    521,
    1441,
    977,
    39,
    1162,
    497,
    2122,
    1649,
    1855,
    799,
    1217,
    463,
    658,
    1346,
    99,
    2777,
    734,
    860,
    673,
    1280,
    1766,
    359,
    1017,
    1989,
    1506,
    538,
    995,
    1623,
    1631,
    1213,
    1920,
    1993,
    2870,
    950,
    1570,
    264,
    2110,
    779,
    1353,
    2496,
    1500,
    2216,
    1794,
    2209,
    1657,
    1955,
    240,
    2316,
    798,
    741,
    1179,
    241,
    677,
    2728,
    2265,
    2782,
    2206,
    2193,
    679
  ],
  "round": 4,
  "total_labeled": 650,
  "total_unlabeled": 2947,
  "train_duration_seconds": 17082.71638,
  "eval_duration_seconds": 6.133374,
  "strategy_duration_seconds": 7102.106632,
  "timestamp": "2025-08-18T22:08:51.366892",
  "performance_metric": [
    0.19548702239990234,
    0.24971628189086914,
    0.37160345911979675,
    0.390778124332428,
    0.3126183748245239
  ]
}