{
  "strategy": "qbc",
  "select_num": 200,
  "selected_indices": [
    764,
    2993,
    1760,
    1849,
    887,
    1336,
    776,
    2175,
    550,
    1485,
    1811,
    1016,
    1034,
    209,
    75,
    2205,
    2805,
    2652,
    2288,
    2303,
    637,
    355,
    1131,
    1451,
    745,
    2328,
    2600,
    2225,
    850,
    2185,
    2097,
    2852,
    1597,
    29,
    652,
    2771,
    1061,
    2886,
    658,
    346,
    1327,
    1572,
    389,
    420,
    932,
    2242,
    1425,
    1720,
    1182,
    2323,
    694,
    2753,
    1494,
    2675,
    2640,
    206,
    1446,
    2522,
    2976,
    2672,
    370,
    979,
    1804,
    2129,
    2682,
    673,
    2739,
    2609,
    2561,
    1128,
    2063,
    2531,
    350,
    1940,
    1792,
    204,
    1312,
    1933,
    613,
    1755,
    535,
    1349,
    700,
    741,
    1703,
    2490,
    259,
    2271,
    962,
    2576,
    309,
    1235,
    964,
    1595,
    1721,
    396,
    1714,
    2747,
    1869,
    404,
    724,
    2247,
    2383,
    301,
    1688,
    2709,
    2752,
    92,
    2197,
    1308,
    1537,
    590,
    356,
    1954,
    2965,
    2679,
    1185,
    1046,
    1377,
    959,
    2192,
    419,
    1822,
    985,
    2543,
    2161,
    2465,
    2947,
    564,
    2031,
    2027,
    2417,
    2059,
    326,
    2425,
    1732,
    736,
    336,
    1434,
    644,
    937,
    2325,
    291,
    492,
    1586,
    2703,
    1030,
    2028,
    228,
    527,
    134,
    2069,
    2619,
    909,
    2422,
    2776,
    373,
    2790,
    1799,
    50,
    1431,
    2941,
    2170,
    2106,
    452,
    2700,
    258,
    1689,
    2755,
    113,
    1931,
    2319,
    2931,
    1387,
    2746,
    2188,
    757,
    502,
    2544,
    1469,
    802,
    2935,
    811,
    2210,
    1249,
    175,
    2358,
    1086,
    1754,
    1192,
    387,
    281,
    880,
    2898,
    151,
    2855,
    1391,
    286,
    214,
    1360
  ],
  "round": 2,
  "total_labeled": 600,
  "total_unlabeled": 2997,
  "train_duration_seconds": 6141.318231,
  "eval_duration_seconds": 5.282631,
  "strategy_duration_seconds": 4127.387804,
  "timestamp": "2025-08-14T03:32:37.916303",
  "performance_metric": [
    0.21794967353343964,
    0.2703901529312134,
    0.3901015818119049,
    0.39665940403938293,
    0.3434453308582306
  ]
}