{
  "strategy": "qbc",
  "select_num": 200,
  "selected_indices": [
    2338,
    1596,
    176,
    1600,
    677,
    2368,
    3,
    127,
    1082,
    1321,
    372,
    647,
    1508,
    246,
    1228,
    849,
    1433,
    1999,
    242,
    228,
    82,
    2503,
    643,
    1584,
    1265,
    1371,
    323,
    1149,
    362,
    1875,
    1821,
    1002,
    1348,
    2254,
    361,
    987,
    1728,
    1039,
    771,
    1956,
    2059,
    1195,
    1712,
    1830,
    1553,
    1707,
    142,
    2116,
    1012,
    2115,
    1919,
    1694,
    1518,
    1446,
    622,
    2242,
    673,
    54,
    214,
    1316,
    1928,
    1018,
    838,
    290,
    2076,
    2521,
    760,
    2259,
    1192,
    66,
    1034,
    368,
    182,
    168,
    1464,
    197,
    58,
    1128,
    109,
    645,
    2258,
    633,
    2315,
    1457,
    2202,
    1249,
    446,
    2348,
    2379,
    1639,
    1629,
    1094,
    2139,
    1091,
    903,
    676,
    1237,
    1958,
    1024,
    755,
    2107,
    1949,
    1836,
    1541,
    416,
    2500,
    1320,
    1913,
    2430,
    2061,
    1285,
    1775,
    1143,
    27,
    1214,
    561,
    2021,
    356,
    1218,
    835,
    303,
    769,
    590,
    1087,
    1168,
    1216,
    2058,
    1494,
    1067,
    527,
    2285,
    2134,
    1434,
    1252,
    2299,
    199,
    1236,
    1861,
    1053,
    999,
    1880,
    1834,
    234,
    2012,
    461,
    2016,
    1786,
    964,
    2513,
    2073,
    493,
    1779,
    1864,
    950,
    881,
    2317,
    2356,
    1632,
    286,
    45,
    180,
    2382,
    1952,
    1183,
    226,
    1723,
    873,
    928,
    1200,
    1258,
    697,
    25,
    2420,
    541,
    1271,
    1115,
    1393,
    341,
    1310,
    116,
    1693,
    770,
    1605,
    78,
    2541,
    1085,
    2035,
    2419,
    1337,
    479,
    1108,
    1866,
    2150,
    2228,
    2138,
    2369,
    1099,
    2429,
    2492,
    1420
  ],
  "round": 6,
  "total_labeled": 1050,
  "total_unlabeled": 2547,
  "train_duration_seconds": 22978.06428,
  "eval_duration_seconds": 3.539441,
  "strategy_duration_seconds": 5463.442387,
  "timestamp": "2025-08-19T14:38:19.727688",
  "performance_metric": [
    0.5524885654449463,
    0.5883408188819885,
    0.996982216835022,
    0.9967719316482544,
    0.6551942229270935
  ]
}