{
  "strategy": "qbc",
  "select_num": 200,
  "selected_indices": [
    2286,
    1769,
    814,
    277,
    2238,
    1948,
    2678,
    1007,
    1999,
    1710,
    870,
    983,
    1315,
    2214,
    83,
    1671,
    1612,
    2089,
    2593,
    1923,
    3138,
    1853,
    501,
    1938,
    1757,
    1253,
    161,
    1917,
    1843,
    1481,
    1008,
    1187,
    631,
    2910,
    2294,
    1174,
    2570,
    1576,
    1294,
    721,
    1270,
    1181,
    2786,
    2177,
    1421,
    1738,
    1149,
    1320,
    1666,
    3072,
    1766,
    228,
    2721,
    2066,
    1054,
    1086,
    1366,
    437,
    2639,
    1677,
    2124,
    2199,
    2392,
    738,
    891,
    1318,
    2192,
    791,
    2950,
    1021,
    130,
    930,
    1302,
    1743,
    2211,
    2311,
    1570,
    2694,
    971,
    420,
    1831,
    2353,
    1821,
    3096,
    3052,
    2064,
    1793,
    2788,
    2025,
    442,
    1039,
    677,
    3083,
    2046,
    2675,
    145,
    4,
    322,
    2060,
    2228,
    373,
    1951,
    1460,
    65,
    2865,
    1185,
    1848,
    2390,
    2917,
    2889,
    2255,
    102,
    1534,
    603,
    1796,
    1929,
    1023,
    524,
    363,
    991,
    2847,
    1509,
    573,
    170,
    1072,
    2363,
    2291,
    2797,
    2167,
    702,
    2327,
    1467,
    1934,
    878,
    1881,
    1235,
    523,
    545,
    1649,
    1634,
    1525,
    444,
    938,
    1815,
    431,
    2641,
    714,
    2777,
    1721,
    635,
    720,
    1697,
    372,
    901,
    1790,
    2332,
    1454,
    2787,
    2318,
    1339,
    1441,
    1653,
    2304,
    2085,
    1271,
    260,
    189,
    1341,
    727,
    2674,
    657,
    1941,
    2244,
    2552,
    2691,
    1962,
    2530,
    2987,
    2499,
    651,
    585,
    1022,
    1067,
    1365,
    1893,
    2618,
    2860,
    2132,
    1222,
    2816,
    808,
    1,
    2719,
    527,
    2196,
    1256,
    981,
    2515,
    151,
    1519
  ],
  "round": 3,
  "total_labeled": 450,
  "total_unlabeled": 3147,
  "train_duration_seconds": 11528.92466,
  "eval_duration_seconds": 4.592396,
  "strategy_duration_seconds": 5750.460835,
  "timestamp": "2025-08-18T15:25:30.172973",
  "performance_metric": [
    0.22287075221538544,
    0.2871895730495453,
    0.4228363037109375,
    0.4362737536430359,
    0.3611293137073517
  ]
}