{
  "strategy": "qbc",
  "select_num": 200,
  "selected_indices": [
    33,
    490,
    64,
    855,
    1239,
    379,
    1382,
    324,
    1628,
    2294,
    1867,
    198,
    992,
    247,
    47,
    1188,
    813,
    690,
    2062,
    378,
    1045,
    1539,
    2025,
    1371,
    1254,
    37,
    2140,
    1152,
    281,
    722,
    2319,
    1003,
    2210,
    511,
    345,
    1657,
    2334,
    2394,
    484,
    647,
    1325,
    1715,
    1974,
    1159,
    403,
    2337,
    2051,
    648,
    1512,
    2343,
    236,
    1575,
    316,
    1899,
    2420,
    312,
    2431,
    713,
    994,
    2350,
    1287,
    917,
    1757,
    821,
    1268,
    2109,
    1554,
    803,
    168,
    2705,
    959,
    487,
    2595,
    670,
    502,
    147,
    1192,
    1732,
    2545,
    415,
    1516,
    2734,
    251,
    1592,
    2251,
    2111,
    269,
    2685,
    1989,
    1303,
    340,
    2023,
    910,
    1643,
    472,
    899,
    54,
    849,
    79,
    1633,
    2182,
    1101,
    2073,
    1448,
    1331,
    554,
    2181,
    2456,
    1804,
    273,
    1688,
    686,
    1519,
    1122,
    2383,
    114,
    2704,
    1384,
    59,
    416,
    221,
    1064,
    566,
    2376,
    1024,
    2123,
    677,
    2110,
    607,
    660,
    836,
    885,
    636,
    2069,
    2147,
    1987,
    4,
    2307,
    2229,
    1292,
    2126,
    1445,
    1710,
    76,
    1381,
    1269,
    1022,
    2124,
    2121,
    2707,
    691,
    1992,
    1738,
    2132,
    288,
    1883,
    2624,
    1505,
    923,
    2478,
    1751,
    2547,
    2392,
    282,
    392,
    962,
    573,
    1896,
    1253,
    1345,
    2497,
    366,
    569,
    965,
    2059,
    2618,
    594,
    1364,
    491,
    2625,
    322,
    1605,
    1304,
    408,
    1801,
    2351,
    1102,
    1041,
    2122,
    1340,
    1534,
    1944,
    1323,
    832,
    725,
    1272,
    966,
    1350,
    2242,
    984
  ],
  "round": 5,
  "total_labeled": 850,
  "total_unlabeled": 2747,
  "train_duration_seconds": 21911.295256,
  "eval_duration_seconds": 4.916798,
  "strategy_duration_seconds": 8986.186994,
  "timestamp": "2025-08-19T06:44:04.789576",
  "performance_metric": [
    0.32525837421417236,
    0.5216020941734314,
    0.7444735765457153,
    0.7393232583999634,
    0.6009610891342163
  ]
}