{
  "strategy": "qbc",
  "select_num": 200,
  "selected_indices": [
    2495,
    666,
    1218,
    94,
    2956,
    1757,
    2549,
    2169,
    1427,
    555,
    1330,
    173,
    279,
    1699,
    726,
    1978,
    323,
    928,
    3519,
    2614,
    2403,
    2047,
    664,
    539,
    3013,
    1042,
    1748,
    506,
    204,
    2569,
    1464,
    1551,
    1277,
    382,
    1321,
    909,
    3208,
    2528,
    1419,
    3159,
    1294,
    3369,
    935,
    2906,
    2144,
    284,
    597,
    1013,
    2621,
    1681,
    2460,
    425,
    401,
    3213,
    2100,
    1899,
    2980,
    538,
    3485,
    574,
    2748,
    1139,
    2631,
    2161,
    1839,
    1967,
    3306,
    744,
    2806,
    1208,
    1370,
    1098,
    2037,
    1219,
    2947,
    2175,
    3041,
    2530,
    1040,
    2625,
    2636,
    3503,
    1834,
    2251,
    1001,
    69,
    2274,
    2145,
    2721,
    588,
    1741,
    3273,
    2856,
    2675,
    2311,
    1187,
    2333,
    2473,
    3313,
    2423,
    2118,
    1566,
    3284,
    310,
    984,
    2225,
    837,
    1413,
    2407,
    2177,
    218,
    1256,
    3452,
    740,
    854,
    1297,
    1534,
    1065,
    1183,
    1842,
    1594,
    481,
    1453,
    1337,
    1472,
    2926,
    438,
    3001,
    3368,
    1469,
    2777,
    1185,
    1137,
    1596,
    1225,
    1332,
    629,
    1933,
    31,
    1559,
    2451,
    2134,
    1403,
    373,
    2817,
    1460,
    2886,
    3148,
    282,
    617,
    1744,
    2009,
    3463,
    2184,
    1095,
    3506,
    1221,
    2991,
    1341,
    1270,
    1094,
    3512,
    3476,
    3451,
    2124,
    1499,
    1320,
    2459,
    88,
    2498,
    468,
    286,
    2714,
    2235,
    960,
    1549,
    758,
    1382,
    1947,
    2153,
    1432,
    2562,
    178,
    768,
    941,
    330,
    2307,
    3525,
    261,
    1798,
    3334,
    62,
    1778,
    3361,
    23,
    41,
    2580,
    878,
    711,
    2405
  ],
  "round": 1,
  "total_labeled": 50,
  "total_unlabeled": 3547,
  "train_duration_seconds": 1386.387929,
  "eval_duration_seconds": 2.416528,
  "strategy_duration_seconds": 1828.560162,
  "timestamp": "2025-08-18T07:43:19.659893",
  "performance_metric": [
    0.3690429925918579,
    0.4890827238559723,
    0.7137653827667236,
    0.7340191602706909,
    0.6067795753479004
  ]
}